{"cameraMode":{"drawMode":0,"name":"Shaded","section":"Shading Mode"},"sceneLighting":true,"audioPlay":false,"sceneViewState":{"showFog":true,"showMaterialUpdate":true,"showSkybox":true,"showFlares":true,"showImageEffects":true,"showParticleSystems":true},"in2DMode":false,"pivot":{"x":-3.56278657913208,"y":3.0495269298553469,"z":4.112408638000488},"rotation":{"x":0.0257912278175354,"y":0.9723179936408997,"z":-0.13058216869831086,"w":0.19204388558864594},"size":2.2742416858673097,"orthographic":false}