{"cameraMode":{"drawMode":0,"name":"Shaded","section":"Shading Mode"},"sceneLighting":false,"audioPlay":false,"sceneViewState":{"showFog":true,"showMaterialUpdate":true,"showSkybox":true,"showFlares":true,"showImageEffects":true,"showParticleSystems":true},"in2DMode":false,"pivot":{"x":-1.6372790336608887,"y":-73.83341979980469,"z":142.89109802246095},"rotation":{"x":0.26272305846214297,"y":0.011870496906340123,"z":-0.0032333917915821077,"w":0.9647928476333618},"size":162.6809844970703,"orthographic":false}