{"cameraMode":{"drawMode":0,"name":"Shaded","section":"Shading Mode"},"sceneLighting":false,"audioPlay":false,"sceneViewState":{"showFog":true,"showMaterialUpdate":true,"showSkybox":true,"showFlares":true,"showImageEffects":true,"showParticleSystems":true},"in2DMode":false,"pivot":{"x":139.41024780273438,"y":50.221961975097659,"z":-721.4822387695313},"rotation":{"x":0.0018495731055736542,"y":-0.9945219159126282,"z":-0.01783556491136551,"w":-0.1029791310429573},"size":750.9655151367188,"orthographic":false}