{"cameraMode":{"drawMode":0,"name":"Shaded","section":"Shading Mode"},"sceneLighting":false,"audioPlay":false,"sceneViewState":{"showFog":true,"showMaterialUpdate":true,"showSkybox":true,"showFlares":true,"showImageEffects":true,"showParticleSystems":true},"in2DMode":false,"pivot":{"x":-5.086949825286865,"y":-5.290877342224121,"z":21.115398406982423},"rotation":{"x":0.3339509069919586,"y":-0.014966401271522046,"z":0.005299454554915428,"w":0.9424567818641663},"size":12.782440185546875,"orthographic":false}