{"cameraMode":{"drawMode":0,"name":"Shaded","section":"Shading Mode"},"sceneLighting":false,"audioPlay":false,"sceneViewState":{"showFog":true,"showMaterialUpdate":true,"showSkybox":true,"showFlares":true,"showImageEffects":true,"showParticleSystems":true},"in2DMode":false,"pivot":{"x":18.00562858581543,"y":-13.968464851379395,"z":36.684696197509769},"rotation":{"x":0.17822091281414033,"y":0.4039049744606018,"z":-0.08055157214403153,"w":0.8936495780944824},"size":44.26108932495117,"orthographic":false}