{"cameraMode":{"drawMode":0,"name":"Shaded","section":"Shading Mode"},"sceneLighting":false,"audioPlay":false,"sceneViewState":{"showFog":true,"showMaterialUpdate":true,"showSkybox":true,"showFlares":true,"showImageEffects":true,"showParticleSystems":true},"in2DMode":false,"pivot":{"x":-106.44523620605469,"y":-123.5596694946289,"z":-46.28331756591797},"rotation":{"x":-0.22106829285621644,"y":0.7636309266090393,"z":-0.33287033438682558,"w":-0.5071429014205933},"size":172.8927459716797,"orthographic":false}