{"cameraMode":{"drawMode":0,"name":"Shaded","section":"Shading Mode"},"sceneLighting":false,"audioPlay":false,"sceneViewState":{"showFog":true,"showMaterialUpdate":true,"showSkybox":true,"showFlares":true,"showImageEffects":true,"showParticleSystems":true},"in2DMode":false,"pivot":{"x":-2.1279473304748537,"y":0.9421402215957642,"z":11.162190437316895},"rotation":{"x":-0.06440447270870209,"y":0.804214358329773,"z":-0.0886673629283905,"w":-0.5841484665870667},"size":8.22428035736084,"orthographic":false}