{"cameraMode":{"drawMode":0,"name":"Shaded","section":"Shading Mode"},"sceneLighting":false,"audioPlay":false,"sceneViewState":{"showFog":true,"showMaterialUpdate":true,"showSkybox":true,"showFlares":true,"showImageEffects":true,"showParticleSystems":true},"in2DMode":false,"pivot":{"x":-2.3478264808654787,"y":-66.2746353149414,"z":144.63612365722657},"rotation":{"x":-0.24096490442752839,"y":-0.002324579283595085,"z":0.0005780914216302335,"w":-0.9705309271812439},"size":152.0223846435547,"orthographic":false}