{"cameraMode":{"drawMode":0,"name":"Shaded","section":"Shading Mode"},"sceneLighting":false,"audioPlay":false,"sceneViewState":{"showFog":true,"showMaterialUpdate":true,"showSkybox":true,"showFlares":true,"showImageEffects":true,"showParticleSystems":true},"in2DMode":false,"pivot":{"x":-46.4063720703125,"y":-8.625900268554688,"z":-16.69019317626953},"rotation":{"x":0.0744832456111908,"y":-0.7188301682472229,"z":0.07795492559671402,"w":0.6867740154266357},"size":95.66031646728516,"orthographic":false}