{"cameraMode":{"drawMode":0,"name":"Shaded","section":"Shading Mode"},"sceneLighting":false,"audioPlay":false,"sceneViewState":{"showFog":true,"showMaterialUpdate":true,"showSkybox":true,"showFlares":true,"showImageEffects":true,"showParticleSystems":true},"in2DMode":false,"pivot":{"x":-22.714109420776368,"y":-5.381344795227051,"z":-3.445528030395508},"rotation":{"x":-0.11595707386732102,"y":0.7655844688415527,"z":-0.14407026767730714,"w":-0.6161802411079407},"size":36.499473571777347,"orthographic":false}