{"cameraMode":{"drawMode":0,"name":"Shaded","section":"Shading Mode"},"sceneLighting":false,"audioPlay":false,"sceneViewState":{"showFog":true,"showMaterialUpdate":true,"showSkybox":true,"showFlares":true,"showImageEffects":true,"showParticleSystems":true},"in2DMode":false,"pivot":{"x":-4.365191459655762,"y":0.4611935615539551,"z":12.91443920135498},"rotation":{"x":0.24896113574504853,"y":0.1179247573018074,"z":-0.03055923618376255,"w":0.9608216881752014},"size":4.950798988342285,"orthographic":false}