{"cameraMode":{"drawMode":0,"name":"Shaded","section":"Shading Mode"},"sceneLighting":false,"audioPlay":false,"sceneViewState":{"showFog":true,"showMaterialUpdate":true,"showSkybox":true,"showFlares":true,"showImageEffects":true,"showParticleSystems":true},"in2DMode":false,"pivot":{"x":-9.552267074584961,"y":-5.348898887634277,"z":41.84197998046875},"rotation":{"x":0.1298738569021225,"y":-0.09504067897796631,"z":0.01250667404383421,"w":0.9868858456611633},"size":35.517356872558597,"orthographic":false}