{"cameraMode":{"drawMode":0,"name":"Shaded","section":"Shading Mode"},"sceneLighting":false,"audioPlay":false,"sceneViewState":{"showFog":true,"showMaterialUpdate":true,"showSkybox":true,"showFlares":true,"showImageEffects":true,"showParticleSystems":true},"in2DMode":false,"pivot":{"x":-3.7753148078918459,"y":0.8835698366165161,"z":13.201284408569336},"rotation":{"x":0.12746283411979676,"y":-0.5564154386520386,"z":0.08686399459838867,"w":0.8164617419242859},"size":2.3773036003112795,"orthographic":false}