{"cameraMode":{"drawMode":0,"name":"Shaded","section":"Shading Mode"},"sceneLighting":false,"audioPlay":false,"sceneViewState":{"showFog":true,"showMaterialUpdate":true,"showSkybox":true,"showFlares":true,"showImageEffects":true,"showParticleSystems":true},"in2DMode":false,"pivot":{"x":-5.633039474487305,"y":-10.522289276123047,"z":38.496437072753909},"rotation":{"x":-0.20534764230251313,"y":0.041683148592710498,"z":-0.008752438239753247,"w":-0.9777618646621704},"size":42.418819427490237,"orthographic":false}