{"cameraMode":{"drawMode":0,"name":"Shaded","section":"Shading Mode"},"sceneLighting":false,"audioPlay":false,"sceneViewState":{"showFog":true,"showMaterialUpdate":true,"showSkybox":true,"showFlares":true,"showImageEffects":true,"showParticleSystems":true},"in2DMode":false,"pivot":{"x":-9.35684585571289,"y":-2.8034725189208986,"z":21.746475219726564},"rotation":{"x":0.21847595274448396,"y":-0.19831837713718415,"z":0.045394282788038257,"w":0.9543989896774292},"size":12.782440185546875,"orthographic":false}