{"cameraMode":{"drawMode":0,"name":"Shaded","section":"Shading Mode"},"sceneLighting":false,"audioPlay":false,"sceneViewState":{"showFog":true,"showMaterialUpdate":true,"showSkybox":true,"showFlares":true,"showImageEffects":true,"showParticleSystems":true},"in2DMode":false,"pivot":{"x":0.4505841135978699,"y":3.30165433883667,"z":10.785409927368164},"rotation":{"x":0.2232346087694168,"y":-0.6443522572517395,"z":0.20486032962799073,"w":0.7021458148956299},"size":1.9930193424224854,"orthographic":false}