{"cameraMode":{"drawMode":0,"name":"Shaded","section":"Shading Mode"},"sceneLighting":false,"audioPlay":false,"sceneViewState":{"showFog":true,"showMaterialUpdate":true,"showSkybox":true,"showFlares":true,"showImageEffects":true,"showParticleSystems":true},"in2DMode":false,"pivot":{"x":-2.2419443130493166,"y":0.5498976707458496,"z":11.808795928955079},"rotation":{"x":-0.09540950506925583,"y":0.7805432677268982,"z":-0.12301013618707657,"w":-0.6054071187973023},"size":9.419559478759766,"orthographic":false}