{"cameraMode":{"drawMode":0,"name":"Shaded","section":"Shading Mode"},"sceneLighting":false,"audioPlay":false,"sceneViewState":{"showFog":true,"showMaterialUpdate":true,"showSkybox":true,"showFlares":true,"showImageEffects":true,"showParticleSystems":true},"in2DMode":false,"pivot":{"x":-0.4589427709579468,"y":-74.72874450683594,"z":129.8735809326172},"rotation":{"x":0.29012441635131838,"y":0.006031660828739405,"z":-0.0018296970520168543,"w":0.9569681882858276},"size":143.7173614501953,"orthographic":false}