{"cameraMode":{"drawMode":0,"name":"Shaded","section":"Shading Mode"},"sceneLighting":false,"audioPlay":false,"sceneViewState":{"showFog":true,"showMaterialUpdate":true,"showSkybox":true,"showFlares":true,"showImageEffects":true,"showParticleSystems":true},"in2DMode":false,"pivot":{"x":-0.05274069309234619,"y":-1.2974622249603272,"z":-3.8882405757904054},"rotation":{"x":-0.05833382532000542,"y":-0.9237865209579468,"z":0.3446170687675476,"w":-0.15638022124767304},"size":3.009645938873291,"orthographic":false}