{"cameraMode":{"drawMode":0,"name":"Shaded","section":"Shading Mode"},"sceneLighting":false,"audioPlay":false,"sceneViewState":{"showFog":true,"showMaterialUpdate":true,"showSkybox":true,"showFlares":true,"showImageEffects":true,"showParticleSystems":true},"in2DMode":false,"pivot":{"x":-1.0614843368530274,"y":0.38021326065063479,"z":11.704635620117188},"rotation":{"x":-0.18466800451278687,"y":0.44444137811660769,"z":-0.09417639672756195,"w":-0.8714932203292847},"size":10.0,"orthographic":false}