{"cameraMode":{"drawMode":0,"name":"Shaded","section":"Shading Mode"},"sceneLighting":false,"audioPlay":false,"sceneViewState":{"showFog":true,"showMaterialUpdate":true,"showSkybox":true,"showFlares":true,"showImageEffects":true,"showParticleSystems":true},"in2DMode":false,"pivot":{"x":29.99237060546875,"y":-70.7185287475586,"z":139.05172729492188},"rotation":{"x":-0.25348976254463198,"y":-0.12091583013534546,"z":0.03195499628782272,"w":-0.9592190384864807},"size":152.0223846435547,"orthographic":false}