{"cameraMode":{"drawMode":0,"name":"Shaded","section":"Shading Mode"},"sceneLighting":false,"audioPlay":false,"sceneViewState":{"showFog":true,"showMaterialUpdate":true,"showSkybox":true,"showFlares":true,"showImageEffects":true,"showParticleSystems":true},"in2DMode":false,"pivot":{"x":-0.4078989028930664,"y":2.7985410690307619,"z":11.044448852539063},"rotation":{"x":0.1858321577310562,"y":-0.61238694190979,"z":0.15104709565639497,"w":0.7534145712852478},"size":1.393019437789917,"orthographic":false}