{"cameraMode":{"drawMode":0,"name":"Shaded","section":"Shading Mode"},"sceneLighting":false,"audioPlay":false,"sceneViewState":{"showFog":true,"showMaterialUpdate":true,"showSkybox":true,"showFlares":true,"showImageEffects":true,"showParticleSystems":true},"in2DMode":false,"pivot":{"x":-33.63542175292969,"y":-41.72101593017578,"z":21.997262954711915},"rotation":{"x":0.3492155969142914,"y":-0.526458203792572,"z":0.25063151121139529,"w":0.7335354089736939},"size":57.22071838378906,"orthographic":false}