{"cameraMode":{"drawMode":0,"name":"Shaded","section":"Shading Mode"},"sceneLighting":false,"audioPlay":false,"sceneViewState":{"showFog":true,"showMaterialUpdate":true,"showSkybox":true,"showFlares":true,"showImageEffects":true,"showParticleSystems":true},"in2DMode":false,"pivot":{"x":-1.729140281677246,"y":-3.615304946899414,"z":19.461807250976564},"rotation":{"x":0.2851164937019348,"y":0.14367741346359254,"z":-0.043276023119688037,"w":0.9466745257377625},"size":16.180309295654298,"orthographic":false}