{"cameraMode":{"drawMode":0,"name":"Shaded","section":"Shading Mode"},"sceneLighting":false,"audioPlay":false,"sceneViewState":{"showFog":true,"showMaterialUpdate":true,"showSkybox":true,"showFlares":true,"showImageEffects":true,"showParticleSystems":true},"in2DMode":false,"pivot":{"x":-8.019502639770508,"y":-1.8064731359481812,"z":20.89929962158203},"rotation":{"x":-0.21732822060585023,"y":0.3063080608844757,"z":-0.07204382866621018,"w":-0.923987865447998},"size":10.390666007995606,"orthographic":false}