{"cameraMode":{"drawMode":0,"name":"Shaded","section":"Shading Mode"},"sceneLighting":false,"audioPlay":false,"sceneViewState":{"showFog":true,"showMaterialUpdate":true,"showSkybox":true,"showFlares":true,"showImageEffects":true,"showParticleSystems":true},"in2DMode":false,"pivot":{"x":-2.4248297214508058,"y":-16.870820999145509,"z":98.90418243408203},"rotation":{"x":-0.11559269577264786,"y":0.005069695878773928,"z":-0.000588461640290916,"w":-0.9932835698127747},"size":88.96961975097656,"orthographic":false}