{"cameraMode":{"drawMode":0,"name":"Shaded","section":"Shading Mode"},"sceneLighting":false,"audioPlay":false,"sceneViewState":{"showFog":true,"showMaterialUpdate":true,"showSkybox":true,"showFlares":true,"showImageEffects":true,"showParticleSystems":true},"in2DMode":false,"pivot":{"x":16.204011917114259,"y":-14.153109550476075,"z":40.05247497558594},"rotation":{"x":-0.1998245120048523,"y":-0.2603733241558075,"z":0.05517368018627167,"w":-0.9429908990859985},"size":43.08952713012695,"orthographic":false}