{"cameraMode":{"drawMode":0,"name":"Shaded","section":"Shading Mode"},"sceneLighting":false,"audioPlay":false,"sceneViewState":{"showFog":true,"showMaterialUpdate":true,"showSkybox":true,"showFlares":true,"showImageEffects":true,"showParticleSystems":true},"in2DMode":false,"pivot":{"x":65.6465072631836,"y":-25.50695037841797,"z":77.69915008544922},"rotation":{"x":0.1136862188577652,"y":0.39972415566444399,"z":-0.05004103109240532,"w":0.9081805944442749},"size":125.39470672607422,"orthographic":false}