{"cameraMode":{"drawMode":0,"name":"Shaded","section":"Shading Mode"},"sceneLighting":false,"audioPlay":false,"sceneViewState":{"showFog":true,"showMaterialUpdate":true,"showSkybox":true,"showFlares":true,"showImageEffects":true,"showParticleSystems":true},"in2DMode":false,"pivot":{"x":-0.3646507263183594,"y":0.29811620712280276,"z":0.17592811584472657},"rotation":{"x":-0.08510148525238037,"y":0.8948876261711121,"z":-0.19383707642555238,"w":-0.39288806915283205},"size":10.0,"orthographic":false}