{"cameraMode":{"drawMode":0,"name":"Shaded","section":"Shading Mode"},"sceneLighting":false,"audioPlay":false,"sceneViewState":{"showFog":true,"showMaterialUpdate":true,"showSkybox":true,"showFlares":true,"showImageEffects":true,"showParticleSystems":true},"in2DMode":false,"pivot":{"x":-3.507375955581665,"y":1.6159305572509766,"z":12.063040733337403},"rotation":{"x":-0.0017454869812354446,"y":0.8134670853614807,"z":-0.002441061194986105,"w":-0.5816033482551575},"size":2.314150810241699,"orthographic":false}