{"cameraMode":{"drawMode":0,"name":"Shaded","section":"Shading Mode"},"sceneLighting":false,"audioPlay":false,"sceneViewState":{"showFog":true,"showMaterialUpdate":true,"showSkybox":true,"showFlares":true,"showImageEffects":true,"showParticleSystems":true},"in2DMode":false,"pivot":{"x":1.2713698148727418,"y":-3.5207266807556154,"z":27.657947540283204},"rotation":{"x":0.19814428687095643,"y":0.05992377549409866,"z":-0.012137660756707192,"w":0.9782641530036926},"size":17.28973960876465,"orthographic":false}