{"cameraMode":{"drawMode":0,"name":"Shaded","section":"Shading Mode"},"sceneLighting":false,"audioPlay":false,"sceneViewState":{"showFog":true,"showMaterialUpdate":true,"showSkybox":true,"showFlares":true,"showImageEffects":true,"showParticleSystems":true},"in2DMode":false,"pivot":{"x":6.941969871520996,"y":-0.7063822746276856,"z":11.93215560913086},"rotation":{"x":0.16780762374401093,"y":0.7564230561256409,"z":-0.21328946948051454,"w":0.5951238870620728},"size":14.765435218811036,"orthographic":false}