{"cameraMode":{"drawMode":0,"name":"Shaded","section":"Shading Mode"},"sceneLighting":false,"audioPlay":false,"sceneViewState":{"showFog":true,"showMaterialUpdate":true,"showSkybox":true,"showFlares":true,"showImageEffects":true,"showParticleSystems":true},"in2DMode":false,"pivot":{"x":-129.74581909179688,"y":-107.76702880859375,"z":-16.035282135009767},"rotation":{"x":-0.2267584204673767,"y":0.7022166848182678,"z":-0.25479450821876528,"w":-0.6249417066574097},"size":173.5950927734375,"orthographic":false}