{"cameraMode":{"drawMode":0,"name":"Shaded","section":"Shading Mode"},"sceneLighting":false,"audioPlay":false,"sceneViewState":{"showFog":true,"showMaterialUpdate":true,"showSkybox":true,"showFlares":true,"showImageEffects":true,"showParticleSystems":true},"in2DMode":false,"pivot":{"x":32.03092575073242,"y":-49.001338958740237,"z":81.12946319580078},"rotation":{"x":0.269203245639801,"y":0.2283829301595688,"z":-0.06587746739387512,"w":0.933290421962738},"size":100.73326873779297,"orthographic":false}