{"cameraMode":{"drawMode":0,"name":"Shaded","section":"Shading Mode"},"sceneLighting":false,"audioPlay":false,"sceneViewState":{"showFog":true,"showMaterialUpdate":true,"showSkybox":true,"showFlares":true,"showImageEffects":true,"showParticleSystems":true},"in2DMode":false,"pivot":{"x":-7.263757228851318,"y":-2.3084769248962404,"z":-1.743344783782959},"rotation":{"x":-0.039258360862731937,"y":0.6384460926055908,"z":-0.03263399377465248,"w":-0.7679715752601624},"size":7.339948654174805,"orthographic":false}