{"cameraMode":{"drawMode":0,"name":"Shaded","section":"Shading Mode"},"sceneLighting":false,"audioPlay":false,"sceneViewState":{"showFog":true,"showMaterialUpdate":true,"showSkybox":true,"showFlares":true,"showImageEffects":true,"showParticleSystems":true},"in2DMode":false,"pivot":{"x":2.071605682373047,"y":-3.831399440765381,"z":16.92339515686035},"rotation":{"x":0.27534130215644839,"y":0.37774738669395449,"z":-0.11873470991849899,"w":0.8760115504264832},"size":10.93203067779541,"orthographic":false}