{"cameraMode":{"drawMode":0,"name":"Shaded","section":"Shading Mode"},"sceneLighting":false,"audioPlay":false,"sceneViewState":{"showFog":true,"showMaterialUpdate":true,"showSkybox":true,"showFlares":true,"showImageEffects":true,"showParticleSystems":true},"in2DMode":false,"pivot":{"x":13.334327697753907,"y":4.3488664627075199,"z":-8.386467933654786},"rotation":{"x":0.0270994920283556,"y":-0.6920267343521118,"z":0.026009973138570787,"w":0.7208940386772156},"size":6.4904279708862309,"orthographic":false}