{"cameraMode":{"drawMode":0,"name":"Shaded","section":"Shading Mode"},"sceneLighting":false,"audioPlay":false,"sceneViewState":{"showFog":true,"showMaterialUpdate":true,"showSkybox":true,"showFlares":true,"showImageEffects":true,"showParticleSystems":true},"in2DMode":false,"pivot":{"x":61.680843353271487,"y":0.21927213668823243,"z":48.168128967285159},"rotation":{"x":0.009411261416971684,"y":0.4933719336986542,"z":-0.005338405724614859,"w":0.8697511553764343},"size":74.44772338867188,"orthographic":false}