{"cameraMode":{"drawMode":0,"name":"Shaded","section":"Shading Mode"},"sceneLighting":false,"audioPlay":false,"sceneViewState":{"showFog":true,"showMaterialUpdate":true,"showSkybox":true,"showFlares":true,"showImageEffects":true,"showParticleSystems":true},"in2DMode":false,"pivot":{"x":-29.83833122253418,"y":-34.80717086791992,"z":54.15294647216797},"rotation":{"x":-0.29505103826522829,"y":0.26265233755111697,"z":-0.08471555262804032,"w":-0.9147579073905945},"size":72.71913146972656,"orthographic":false}