{"cameraMode":{"drawMode":0,"name":"Shaded","section":"Shading Mode"},"sceneLighting":false,"audioPlay":false,"sceneViewState":{"showFog":true,"showMaterialUpdate":true,"showSkybox":true,"showFlares":true,"showImageEffects":true,"showParticleSystems":true},"in2DMode":false,"pivot":{"x":-3.758056640625,"y":1.336390733718872,"z":16.255043029785158},"rotation":{"x":-0.1783798187971115,"y":0.5646604299545288,"z":-0.12656642496585847,"w":-0.7958142161369324},"size":1.7091636657714844,"orthographic":false}