{"cameraMode":{"drawMode":0,"name":"Shaded","section":"Shading Mode"},"sceneLighting":false,"audioPlay":false,"sceneViewState":{"showFog":true,"showMaterialUpdate":true,"showSkybox":false,"showFlares":true,"showImageEffects":true,"showParticleSystems":true},"in2DMode":false,"pivot":{"x":0.38295507431030276,"y":1.9310193061828614,"z":0.29935747385025027},"rotation":{"x":-0.15107233822345735,"y":0.5301384329795837,"z":-0.0966414287686348,"w":-0.8287283778190613},"size":2.306061267852783,"orthographic":false}