{"cameraMode":{"drawMode":0,"name":"Shaded","section":"Shading Mode"},"sceneLighting":false,"audioPlay":false,"sceneViewState":{"showFog":true,"showMaterialUpdate":true,"showSkybox":true,"showFlares":true,"showImageEffects":true,"showParticleSystems":true},"in2DMode":false,"pivot":{"x":-2.9870941638946535,"y":1.270602822303772,"z":12.138605117797852},"rotation":{"x":-0.07748103886842728,"y":0.7864916324615479,"z":-0.10082744807004929,"w":-0.6043687462806702},"size":2.609163522720337,"orthographic":false}